Question,Category
"ammaː kokis 4k saːdana viʈa akkaː kokis 3k saːdaji. melesa dedenaːma ekatu viː kokis 35k sæːduveː nam akkaː sæːdu kokis kiːjada?",﻿0
"veralu ɡeɖi 3ka haː amba ɡeɖi 2 ka mila ræ.46.00 nam veralu ɡeɖi 5k haː amba ɡeɖi 3ka mila ræ.70.00 nam veralu ɡeɖi 4k haː amba ɡeɖi 2ka mila kiːjada",0
"dina 31n avasan vana maːsajaka palavenidaː iridaː davasaki. ema maːsajeː avasan davasa kavadaːda ",0
"doɖam jusa 800ml ʈa d͡ʒalaja 400ml k‍ jodaː biːma mis‍raɳak saːdana ladiː. ema mis‍raɳaja 50ml bæɡin vuː vduruvalaʈa damana ladiː. biːma mis‍raɳaja dæmja hæki viːduru ɡanana kiːjadV?",0
"vaʈʈakkaː ɡeɖijaʈa 4kg 50g komaɖu ɡeɖija 1kg 275g nam vaʈʈakkaː ɡeɖijaʈa vaɖaː komaɖu ɡeɖija kopamaɳa barada?",0
"ɡaːmiɳiː viduhaleː 4056k iɡenuma labaji. iːʈa vaɖaː 396k væɖijen piːtara viduhaleː sisun siʈiː nam paːsal dekeːma siʈina mulu sisun saŋk‍jaːva kiːjada?",0
"maː laɡa rupijal 150.00 k æta in rupijal 40k malliʈa dun pasuva apa dedenaː laɡa æti mudal samaːna veː. malli laɡa mulin tibuna mudala kiːjada? ",0
"paːsalaka 1 siʈa 5 tek panti 5k æta ehi sæːma paŋtijakama lamaji samaːnava siʈiː. mulu lamaji ɡanana 215k nam ek paŋtijaka lamaji kiːjak siʈiːda",0
"ek kaɖajaka ala 1kg k saha parippu 500g mila rupijal 400k veː.  parippu 1kg k saha koːpi 250g vala mila rupijal 250k veː. ala 500g k saha parippu 250g ka mila kiːjada? ",0
"ek boːtalajak 1.5l saha anit boːtalaja 300ml p‍ramaːna sadahan kara æta. loku boːtalaja piriː itiːri jaːmaʈa kuɖaː boːtalajen kiː vaːrajak d͡ʒalaja vat kala jutuda",0
"saman kamalʈa vaɖaː usa namut vimal taram usa næta. amal kamal taram usa næta. meː atarin usama kavda ",0
"samat͡ʃaturas‍raːkara iɖamak vaʈaː 2mn 2mʈa kanu siʈuvaː æta. ehi ek pættakin bæluː viʈa penena kanu ɡanana 12k veː nam iɖama vaʈaː æti dura parimitija kiːjada? ",0
"dehi ɡeɖi 84k samaːna ɡoɖaval 7kaʈa ven kara æta. in ek ɡoɖak rupijal 36k veji. eviʈa dehi ɡeɖijaka mila kiːjada? ",0
"p‍radarsanaja bæliːmaʈa pæmiɳi lamun ɡanana 318k veː. in 1/3 k pirimi lamaji vana atara itirija ɡæhæɳu lamun veː. ɡæhæɳu lamun ɡanana kiːjada? ",0
"pæːn saŋk‍jaːvak lamun atara samaːnava bedaː dena ladiː. tundenekuʈa læbuna pæːn ɡanana 21ki. bedaː dena lada mulu pæːn kiːjada? ",0
"ɡaslabu 1kg ka mila rupijal 80k nam ɡaslabu ɡeɖijeː bara 2kg 250g nam ema ɡeɖijeː mila kiːjada",0
"ibbek pæja 2kaʈa 60cm dura ɡaman karaji.  minittu 30 kadiː ɡaman karana dura kopamaɳada",0
"kambi kuːrak samaːna diɡin jutu tæn 5kin kapana ladiː. eviʈa læbuɳu ek kambi koʈasaka diɡa 75cm ki. kamb kuːreː diɡa kopamaɳada ",0
"paŋtijaka lamajiʈa dinapataː udeː haː havasaʈa biskaʈ 4 bæɡin denu læbeː. ema paŋtijeː lamaji 38 denaku siʈiː nam dina 3k diːmaʈa avas‍ja vana biskaʈ p‍ramaːnaja kopamaɳVdV ",0
"siːni ɡoːnijeː bara 24kg 240g ki. his ɡoːnijeː bara 2kg 800g nam ehi tibuː siːni vala bara kiːjada? ",0
"malaka peti 8k æta. evæni mal 8k senuri laɡa æta. nisal laɡa evæni mal 12k æta . dedenaː laɡama æti malvala peti saŋk‍jaːva atara venasa kiːjada? ",0
"rata ɡaːlaka navataː tibuː t‍riroːda rata haː jaturu pædi vala ekatuva 10k veː. devarɡajeːma roːda ɡananeː ekatuva 24k veː. navataː tibuː t‍riroːda rata ɡanana saha jVturu pædi ɡVnVnV kiːjVdV?",0
"elum vilaka æti mal p‍ramaːnaja dinapataː 2ɡunajak veː. mulu vilen baːɡajak nelum mal valin piriːmaʈa dina 4k ɡata veː. mulu vilama sampuːrnajenma piriːmaʈa ɡata vana dina ɡanVnV kiːjVdV?",0
"ammaː keːk 1kg k saːdaː ɡæniːmaʈa siːni 500g haː bittara 8k ekatu karaji. siːni 2kg mis‍ra kiriːmaʈa ekatu kala jutu bittara ɡanana kiːjada?",0
"potak haː pæːnak rupijal 120k veː. pot 3k haː pæːn 2k rupijal 310k veː.  potaka mila haː pæːnaka mila vena venama kiːjada?",0
"lamajek laɡa rupijal 5 kaːsi 12k da rupijal 10 kaːsi valin baːɡajaka p‍ramaːnakda rupijal 20 noːʈʈuda æta. ohu laɡa æti mulu mudala kiːjada?",0
"ektaraː vasaraka d͡ʒuːli 23 aɡaharuvaːdaːja. ema vasareː aɡoːstu 03 davasa kavadaːda",0
"at͡ʃini laɡa peːra ɡeɖi 60k æta. æja in 18k amaːjaːʈa dun viʈa dedenaː laɡa æti peːra ɡeɖi ɡanana samaːna veː. at͡ʃini laɡa mulin tibuː peːra ɡeɖi ɡanana kiːjada?",0
"amal ɡeː duva nimalaː ja. malitiɡeː baːla næɡanija vanneːda nimalaːja.  tarusiɡeː mava maliti veː. nimalaː tarusiɡeː kavda ",0
"miːʈar 10n 10 ʈa parataraja ætuva væʈaka kanu 10k siʈuvaː æti nam mema væʈeː diɡa kiːjada? ",0
"boːlajaka mila rupijal  450ki  kæːma peʈʈijaka mila emen 2/5ki. boːlajak haː kæːma peʈʈijak ɡena rupijal 1000k dun viʈa læbena itirija kiːjada? ",0
"kæʈajaka rupijal 2kaːsi haː rupijal 5 kaːsi pamaɳak æta. ehi æti mulu kaːsi ɡanana 50ki. kaːsivala mulu vaʈinaːkama rupijal 166ki.  kæʈajeː æti rupijal 2kaːsai ɡanana saha 5 kaaːsai ɡanana kaiːjVdV? ",0
"2021 sija 45 vena upandinaja sæmaruː siriseːna mahataː sija 37 vana upandinaja sæmaruː vasara kumakda ",0
"udeː 8.30ʈa paːsal pæmini netmi dahaval 2.45 tek paːsaleː rædiː nivasaʈa jaːmaʈa piʈat vuni. æja paːsaleː siʈi kaːlaja kopamaɳada ",0
"putaːɡeː bara kiloːɡ‍ræːm 19 ki. taːttaːɡeː bara kiloːɡ‍ræːm 58ki. putaːʈa vaɖaː taːttaː kopamaɳada barada",0
"rupijal 2150k lesa mila saʈahan kara æti kamisajak vikiɳiːmeːdiː rupijal 250kin mila aɖu karaji. evani kamisajak miladiː ɡæniːmaʈa ɡevija jutu mudala kiːjada",0
"a paːsaleː sisun ɡananaʈa vaɖaː b paːsaleː sisun ɡaɳana 15kin væɖija. b paːsaleː siʈina sisun ɡanana 810k nam paːsal dekama siʈina sisun ɡaɳana kiːjada",0
"bæralajaka tibuː poltel p‍ramaːnajen liːʈara 225k bedaː dun pasu ehi poltel liːʈara 95k ituru viː tibuniː. bæralajeː mulin tibuː poltel p‍ramaːnaja kopamaɳada ",0
"potaka piʈu 960k æta. supun iridaː dina ehi piʈu aŋka 35 siʈa 110 dakvaːda, sadudaː dina pera daː natara kaɭa tæna siʈa piʈu aŋka 215 tekda kijavuːjeːja. ohu dina dekeːma kijavuː paiʈau ɡanana kaiːjadV? ",0
"ek ɡoɖaka amba ɡeɖijak saha doɖam ɡeɖidekak æta. ehi mila rupijal 22ki. tavat ɡoɖaka doɖam ɡeɖi 3k saha amba ɡeɖi 2k æta. ema ɡoɖeː mila rupijal 35ki. eseːnam amba ɡeɖi 3k haː doɖam ɡeɖi 5ka mila kaiːjada? ",0
"sisuvek pæːn 1 pot 5 pænsal 2 bæɡin lamaji 40 kaʈa diːmaʈa avas‍ja pæːn ɡanana kiːjada? ",0
"paŋtijaka siʈina lamunɡen 3/5k edina paŋtijaʈa pæmina æta. paŋtijeː siʈina lamun ɡanana 15 nam nopæmini lamun ɡanana kiːjada? ",0
"varakaʈa peti 2 bæɡin dinapataː udeːʈa haː raːt‍rijaʈa behet bona ajeku dina 10 sadahaː avas‍ja behet peti ɡanana kiːjada? ",0
"maɡeː vajasa avurudu 12ki. taːttaːɡeː vajasa avurudu 36ki. maɡeː vajasa deɡunajak vanaviʈa taːttaːɡeː vajasa kiːjada? ",0
"pereːdaː 3 venidaːja. aniddaː sikuraːdaːja. ada dinaja haː davasa kumakda ",0
"4 denekuʈa saŋɡ‍raha kirimaʈa biːma boːtal ekak avas‍ja veː. 30 denekuʈa saŋɡ‍raha kiriːmaʈa biːma boːtal kiːjak avas‍ja veːda",0
"pe.va. 6.40 ʈa piʈat vuː dumrija pa.va 1.20 ʈa ɡamana avasan karaji.ɡamanaʈa ɡata vuː kaːlaja kopamaɳada?",0
"bas ratajen pæja 1 minittu 40 da dumrijen pæja 2 minittu 45 da ɡaman kaɭa ajek  ɡamanaʈa ɡata kaɭa muɭu kaːlaja kopamaɳada?",0
"pantijaka ɭamaji 40 k siʈiti.ema ɭamaji samaːna kaɳɖaːjam 5 kaʈa beduː atara ɡovidu ek kaɳɖaːjamaka saːmaːd͡ʒikajeku vana atara ema kaɳɖaːjameː naːjakajaːda veː.ohuʈa baːrVvV æti ɭVmun ɡVɳVnV kiːjVdV?",0
"ɭamajek ɭaɡa tibuː pænsal 50n ½ jaːɭuvanʈa bedaːdun atara itiri p‍ramaːɳajen 1/5 ɡurutumaːʈa dunneː nam ohu ɭaɡa itiri pænsal ɡaɳana kiːjada?",0
"doɖam ɡeɖi 1 saha amba ɡeɖi 1 mila ru 110 nam,amba ɡeɖi 1 saha ɡaslambu ɡeɖi 1 mila ru 120 nam,amba heɖi 1 saha ɡaslambuː ɡeɖi 2 ka mila ru 190 nam,doɖam ɡeɖijaka mila kiːjada?",0
"doɖam ɡeɖi 1 saha amba ɡeɖi 1 mila ru 110 nam,amba ɡeɖi 1 saha ɡaslambu ɡeɖi 1 mila ru 120 nam,amba heɖi 1 saha ɡaslambuː ɡeɖi 2 ka mila ru 190 nam,amba ɡeɖijak doɖam ɡeɖijak haː ɡaslambuː ɡeɖijak ɡæniːmaʈa avas‍ja mVudVlV kViːjVdV?",0
"peʈʈijaka tibuɳu bittara valin 2/5 k ratu bittara veː. itiri eːvaː 315 k sudu bittara veː.peʈʈijeː tibuː muɭu bittara ɡaɳana kiːjada?",0
"vibaːɡa saːlaːvakaʈa ɡena aː p‍rasna pat‍ravala aŋka anupiɭiveɭaʈa æta.ehi mul aŋkaja 0144 da avasaːna aŋkaja 0218 veː.ehi æti p‍rasna pat‍ra ɡaɳana kiːjada?",0
"dina 31 æti maːsajaka devana dinaja badaːdaː davasak nam 29 daː kumana davasakda?",0
"senuka satijeː sæːma sadudaː dinakama k‍rikaʈ puhuɳuviːm sadahaː jaji.2020-02-07 vana  daː iridaː dinajaki.eː anuva ema maːsajeː ohu k‍rikaʈ puhuɳuviːm sadahaː ɡija vaːra ɡaɳana kaiːjada?",0
"kad͡ʒu mada kiloːɡ‍ræːm 1 ka mila ru. 890 ki. siːni ɡ‍ræːm 500 ru. 68 ki. ammaː kad͡ʒu mada ɡ‍ræːm 600 siːni ɡ‍ræːm 750 ɡat viʈa ɡevija jutu mudala kiːjada?",0
"putaːɡeː bara kiloːɡ‍ræːm 13 ɡ‍ræːm 850 taːttaːɡeː bara emen tun ɡuɳajaki.taːttaːɡeː bara kopamaɳada?",0
"avuruddakaʈa dina 28,dina 30,dina 31 jedunu maːsa æta.eː anuva avuruddakaʈa 30 dinaja jeduɳu maːsa kopamaɳa tibeːda?",0
" siːni 2kg ka mila ru 216 ki.piʈi 1kg 500g ru 240 ki.siːni 1kg haː piʈi 1kg ɡat viʈa ɡevija jutu mudala kiːjada?",0
"t‍riːvilar ratajak paɭamu kiloː miːʈarajaʈa ru 50.00 da devana kiloːmiːʈarajeː siʈa væɖivana sæːma kilomiːʈarajaʈa ru 15 bæɡinda aja karaji.kiloːmiːʈar 10 ka ɡamanak sVdVhaː ajV kVrVnV mudVlV kiːjVdV?",0
"varsa 2021 diː siʈa 58 vana upan dinaja samaruː ɡoɖaɡeː mahataː sija 43 vana upandinaja samaruː varsaja kumakda?",0
"mæji 4 siʈa d͡ʒuli 8 tek æti dina ɡaɳana kiːjada?",0
" 25km kæpija jutu paːrakin 12km 850m haː 3800m kapaː æta.tava kæpiːmaʈa æti p‍ramaːɳaja kopamaɳada?",0
"maː ɭaɡa æti mudalaʈa ru 45 k væɖijen malliː ɭaɡa mudal  æta.malliː ɭaɡa æti mudalaʈa ru 185 k væɖijen naŋɡiː ɭaɡa mudal æta.malliː ɭaɡa æti mudala ru 360 k nam apa tidenaː ɭaɡama æti muɭu mudalV kiːjVdV?",0
"paː ɡamanin jana ajek pæja 3 kadiː 24km k dura ɡaman karaji.ohu vinaːɖi 15 kadiː ɡaman karana dura kopamaɳada?",0
" kuːɖuvaka haːvoː saha kukuɭan siʈiti.ema satunɡeː paːdavala muɭu ekatuva 52 ki. ehi siʈi haːvun saŋk‍jaːva 7 nam kukuɭan saŋk‍jaːva kiːjada?",0
" akilaɡeː tattaː 1995 diː v‍jaːpaːrajak aːramba karana viʈa akilaɡeː vajasa avurudu 7 ki.ema v‍jaːpaːrajaʈa avurudu 25 k pirena viʈa akilaɡeː vajasa kiːjada?",0
"paːraka navataː tibuː vaːhana 16 n aɖak moːʈar rata veː.itirijen aɖak t‍riːviːlar veː.itiri kaːr haː jaturu pædi lesa samaːnava æta.mema vaːhana vala æti muɭu roːda ɡaɳana kiːjada?",0
" potaka piʈu 108 k æta. evæni pot 4 kda, tavat potaka piʈu 213 k æti.evæni pot 6 da æti muɭu  piʈu ɡaɳana kiːjada?",0
" æpal ɡeɖi 4 ka haː ɡaslambuː ɡeɖi3 ka mila ru 620 ki.æpal ɡeɖijakaʈa vaɖaː ɡaslambuː ɡeɖijak ru 20 k mila væɖija æpal ɡeɖijaka mila kiːjada?",0
" æpal ɡeɖi 4 ka haː ɡaslambuː ɡeɖi3 ka mila ru 620 ki.æpal ɡeɖijakaʈa vaɖaː ɡaslambuː ɡeɖijak ru 20 k mila væɖija ɡaslambu ɡeɖijaka mila kiːjada?",0
"satira inimaɡaka 4 vana paʈija mata siʈiti.tava liː paʈi 5 k næɡɡa viʈa ohu ehi mæda paʈijaʈa pæmineː inimaɡeː tibena liː paʈi ɡaɳana kiːjada?",0
" meːsa hændakaʈa allana dijara p‍ramaːɳaja mili 15 ki.roːɡijekuʈa ek varakaʈa meːsa hænda bæɡin dinakaʈa tunvarak behet biːmaʈa deji. satijaka tuɭa ohu paːnaja karVnV behet p‍rVmaːɳVjV kopVmVɳVdV?",0
"28 ,63, 74 ,56, 45 ,81 mehi æti 9 ɡunaːkaːra ɡanana kiːjada? ",1
"hataɭis tun dahas aʈasijavisipaha jana saŋk‍jaːveː æti ilakkam baːvitajen livija hæki visaːlama saŋk‍jaːva kumakda",1
"peti 5 mal 5ka æti peti ɡanana roːma saŋk‍jaːven min kumakda",1
"6,3,8,0,2 mema  saŋk‍jaːva jodaːɡena sijajastaːnajaʈa 2 jodaːɡena livija hæki visaːlama saŋk‍jaːva kumakda ",1
"lamajek aŋka 1 siʈa 60 dakvaː æti saŋk‍jaː lijana viʈa ohu 5 saŋk‍jaːva kiː vataːvak lijaː tibeːda",1
" anuːhat dahas hatsija dahatuna saŋk‍jaːva ilakkam aɡa siʈa mulaʈa lijuː viʈa læbena saŋk‍jaːva kiːjada",1
"ganakajaka haː ganakaːbajaka æti siːrsa ɡananeː ekatuva kiːjada",1
"70 999 ʈa 1 k væɖi saŋk‍jaːva kumakda",1
"peʈʈijaka saban kæʈa 6bæɡin evæni peʈʈi 158 ka æti saban kæʈa ɡanana kiːjada",1
"taːttaː dumrijen pæja 3 minittu 40k da basajen pæja 2 minittu 45k da ɡaman karaji. ejaʈa ɡata vuna mulu kaːlaja kopamaɳada ",1
"ganakaːba 10k ekamata tabaː æɳa ɡæsuveː nam ema ganavastuveː æti muhunat ɡanana kiːjada? ",1
"akkaː laɡa tibuna amba valin 1/2 naŋɡiːʈa dunnaːja. naŋɡiːʈa læbuna ɡeɖi ɡanana 9 nam akkaː laɡa tibuː amba ɡeɖi p‍ramaːnaja roːma saŋk‍jaːven kumakda ",1
"23:30 jana veːlaːva saːmaːn‍ja veːlaːven kumak veːda",1
"1t 50t atara tani ilakkamin sæːduna saŋk‍jaː kiːjada",1
"samapaːda t‍rikoːnajak t͡ʃatustalajak saːdaː ɡæniːmaʈa hari mædin navaː ɡata jutu vaːra ɡanana kiːjada? ",1
"pe.va.1.35 ɖid͡ʒiʈal veːlaːven kiːjada",1
"senuka paːsal jana viʈa kusal idirijaʈa pæminijeːja. kusalɡeː muhunaʈa hiru elija væʈiː tibuniː. senuka ɡaman karanneː kumana disaːvaʈada",1
"taːttaː kiloːmiːʈara 12 miːʈara 750k basajenda iːʈa vaɖaː kiloːmiːʈara 12 miːʈar 500k væɖijen dumrijen ɡaman karajiː. ohu dumrijen ɡaman kaɭa dura kiːjada? ",1
"miːʈara 5 ji senʈimiːʈara 25k diɡa paʈijak samaːna koʈas 7kaʈa kæpuː viʈa ek koʈasaka diɡa kiːjada? ",1
"næɡenahira disaːvaʈa muhunalaː siʈina amal surd͡ʒukoːɳaːs‍rajak lesa tamanɡeː dakuɳu  ata disaːvaʈa hæreː dæn ohuɡeː vam ata æti disaːva kumakda ",1
"mallak tula boːla 50k æta. in 5 ɡunaːkaːra kiːjak nam tibeːda",1
"dumrijaka siʈi pirimi maɡiːn ɡanana1018ki. ɡæhænu maɡiːn ɡanana 936ki. ehi siʈina mulu maɡiːn ɡanana kiːjada? ",1
"bas ratajaka maɡiːhu 68k siʈijaha. ejin 19k palamu bas nævatumen bæsa ɡijeːja. tavat maɡiːn 12 denek iːlaŋɡa nævatumen basajaʈa næɡɡoːja. dæn bas ratajeː maɡiːn kiːjada?",1
"putaːɡeː bara kiloːɡ‍ræːm 19 ki. taːttaːɡeː bara kiloːɡ‍ræːm 58ki. putaːʈa vaɖaː taːttaː kopamaɳada barada",1
"kaɖajaka pol 3480k æta. in ɡeɖi 1275k vikuːnuː viʈa itirija kiːjada? ",1
"“sis‍jajeku basnaːhiraʈa muhuɳalaː siʈina viʈa ohuɡe dakuɳu ata pihiʈana pætteː paːsalada vam ata pihiʈana pætteː nivasada pihiʈaː æta”paːsala pihiʈaː ætai daisaaːva kaumakda?",1
"“sis‍jajeku basnaːhiraʈa muhuɳalaː siʈina viʈa ohuɡe dakuɳu ata pihiʈana pætteː paːsalada vam ata pihiʈana pætteː nivasada pihiʈaː æta”nivasa pihiʈaː ætai daisaaːva kaumakda?",1
"amba ɡeɖi 864k peʈʈijakaʈa 8 bæɡin dæmiːmaʈa avas‍ja peʈʈi ɡaɳana kiːjada?",1
"1 siʈa 20 tek iraʈʈeː saŋk‍jaː liviːmeːdiː ehi æti 2 n bedena saŋk‍jaː ɡaɳana kiːjada?",1
"dakuɳu disaːvaʈa hæriː siʈi tamidu aːpasu hæriː miːʈar 10 ɡaman kara  tamaːɡeː vam ata pættaʈa hæriː miːʈar 10 ɡaman kara navati.dæn tamidu siʈinneː ɡaman aramba kaɭa staːnajeː siʈa balVnV viʈV kumVnV dVisVaːvVendV?",1
" pe.va. 12.45 sammata (ɖid͡ʒiʈal) veːlaːva kumakda?",1
"pa.va. 3.45 sammata (ɖid͡ʒiʈal) veːlaːva kumakda?",1
"00:30 saːmaːn‍ja veːlaːva kumakda?",1
" 19:15 saːmaːn‍ja veːlaːva kumakda?",1
"amba ɡeɖi 816 k samaːna ɡoɖaval 4 kaʈa dæmuː viʈa ek ɡoɖaka æti amba ɡeɖi ɡaɳana kiːjada?",1
" kamiːsajakaʈa bottam 4 bæɡin ælliːmaʈa bottam 536 k ɡenaːveːja. eːvaː kamiːsa kiːjakaʈa sæːheːda?",1
" anuː haja dahas haːrasija vissaʈa tun dahas hættæː pahak ekatu kaɭa viʈa læbena piɭitura kumakda?",1
"pæɳi biːma liːʈarajakin 175 bæɡin viːduru 4 k ivat kaɭa viʈa itiri biːma p‍ramaɳaːja kopamaɳada?",1
" samat͡ʃaturas‍raːkaːra iɖamaka sæːma pættakinma bæluː viʈa kaɳu 12 k daknaʈa læbeː. mema iɖama vaʈaː æti kaɳu ɡaɳana kiːjada?",1
" maʈa jaːɭuvoː tun denek siʈiti.apa sijalu denaː ekinekaː atara eka bæɡin pænsal huvamaːru kara ɡattemu apa huvamaːru kara ɡat pænsal ɡaɳana kiːjada?",1
"samat͡ʃaturas‍raːkaːra iɖamak vaʈaː samaːna durin kambi kaɳu siʈuvaː æta.ema iɖama vaʈaː siʈuvaː æti kambi kaɳu ɡaɳana 40 nam ek pættakin bæluːviʈa penena kambi kaɳu ɡaɳana kiːjadV?",1
" 20:25 saːmaːn‍ja veːlaːva kiːjada?",1
"peʈʈijaka boːla 9 bæɡin dæmija hæka . boːla 738 k dæmiːma sadahaː avas‍ja peʈʈi ɡaɳana kiːjada?",1
" 2020 aɡoːstu   dina ɡaɳana kiːjada?",1
" 20n hataren paŋɡu dekaka aɡaja kiːjada?",1
" ganakaːbajaka æti surd͡ʒukoːɳa ɡaɳana kiːjada?",1
" 1/5 , 1/2 , 0.3 jana saŋk‍jaːvalin kuɖaːma saŋk‍jaːva kumakda?",1
"naɡara dekak atara æti dura  miːʈar 12650 ki.eja kiloːmiːʈar haː miːʈar valin dakvanna.  ",1
"pe.va.10.45 ʈa aːram     kaɭa væɖak pæja 4 minittu 35 kadiː avasan karaji.ema avasan kaɭa veːlaːva ɖid͡ʒiʈal veːlaːven dakvanna. ",1
"pol ɡeɖi 837 k ek ɡoɖakaʈa 8 baɡin ven karana ladi.ven kala ɡoɖaval ɡaɳana kiːjada?",1
"pol ɡeɖi 837 k ek ɡoɖakaʈa 8 baɡin ven karana ladi.itiri ɡeɖi ɡaɳana kijada?",1
"dehi ɡeɖi84 k samaːna ɡoɖaval 7 kaʈa ven kara æta. in ek ɡoɖaka 36 k veː. eviʈa dehi ɡeɖijaka mila kiːjada?",1
"siːni ɡoːnijeː bara 24kg 240g ki. ɡoːnijeː bara 2kg 800g nam ehi tibuː siniː vala bara kopamaɳada?",1
" pe.va 10.30 ʈa piʈat vuː bas rataja pæja 4.00  kaʈa pasu ɡamana avasan karaji.ema avasan kaɭa veːlaːva ɖid͡ʒiʈal veːlaːven dakvanna?",1
" 10+5-7= piɭituraʈa adaːɭa roːma saŋk‍jaːva kumakda?",1
"oraloːsuvaka æti pæja kaʈuva dinakaʈa oraloːsuva vaʈaː karakævena vaːra ɡaɳana kiːjada?",1
"hæʈa haja dahas hajasija hæʈa aʈa jana saŋk‍jaːve æti hajeː ilakkam ɡaɳana kiːjada?",1
" savasa paːsala æriː nivasaʈa pæmiɳena nisaːnɡeː sevaɳælla nisaːnʈa idirijen væʈiː tibuɳi.nisaːn ɡaman karana disaːva kumakda?",1
"miːʈar 5 n 5 ʈa kaɳu 50 k siʈuvaː æti maːrɡajaka diɡa kopamaɳada?",1
" ap‍rl 24 piʈat vuː næva mæji 16 ɡaman avasan karaji. ɡamanaʈa ɡatavuː dina ɡaɳana kiːjada?",1
"najaliɡeː 2 veni upan dineː siʈa sæːma upan dinakama diːma boːnikkek tæːɡi læbeː.æja ɭaɡa dænaʈa boːnikkan 5 k æta .eseː nam ɡajaliɡeː dæn vajasa kiːjada?",1
" kamkaruvek pe.va 8.30 siʈa pa.va 3.45 tek væɖa karaji.ohu væɖa kaɭa kaːlaja kopamaɳada?",1
"pa.va 3.40 ʈa ɡamana avasan kaɭa bas ratajaʈa ɡamanaʈa ɡata vuː kaːlaja pæja 5 minittu 15 ki.ɡamana aːramba kaɭa veːlaːva ɖid͡ʒiʈVl veːlaːven dVkvVnnV",1
" pereːdaː iridaː davasak nam in aniddaː davasa kumakda?",1
"pantijaka ɭamaji 92 k siʈiti. baŋkuveː vaːɖi vija hækkeː 9 denekuʈa pamaɳi . ɭamaji sijalu denaːʈama vaːɖi viːmaʈa avas‍ja  baŋku ɡaɳana kiːjada?",1
"pansaleː piŋkam utsdavaja sadudaː dinajaka aːramba viː dina 5 k pavatvaː avasan kiriːmaʈa nijamitava tibuɳi. namut d͡ʒanataːvaɡeː illiːma mata tava dina 3 k dik kVrVnV lVdV nVm ejV avVsVn vuː dVvVsV kumVkdV?",1
" malaka peti 5 k æta.evæni mal 4 ka æti peti ɡaɳana roːma saŋk‍jaːven dakvanna",1
"maɡeː upan dinaja iːjeː bava senuka pereːdaː pævasiːja. aniddaː 18 vana sadudaː nam senuka ɡeː upan dinaja kavadaːda?",1
"anuː aʈa dahas hatsija anuː navaja jana saŋk‍jaːveː ilakkam aɡa siʈa mulaʈa lijuː viʈa læbena saŋk‍jaːva kumakda?",1
"amaːliʈa potak kijaviːmaʈa pæja 2 minittu 25 k ɡata veː. æja pota kijavaː avasan kaɭeː 14:10 ʈa nam aːramba kaɭa veːlaːva kiːjada?",1
"samat͡ʃaturas‍ra 6 kin sæːdija hæki gana vastuveː æti  tiras reːkaː ɡaɳana kiːjada?",1
"iraʈu kabali 2k pamanak jodaː ɡena sæːdija hæki 20 ʈa aɖu sijaluma roːma saŋk‍jaː ɡaɳana kiːjada?",1
"2020 ap‍reːl 30 vana viʈa ema vasareː ɡeviː æti dina ɡaɳana kiːjada?",1
" 1 siʈa 100 tek saŋk‍jaː liviːmeːdiː 4 ilakkama livija jutu vaːra ɡaɳana kiːjada?",1
"ɡamanakin 1/5ka dura 4km veː. ema ɡamaneː mulu durin 1/2 ka dura kopamaɳada ",2
"peʈʈijaka æti boːla valin 1/2k kaha paːʈaja. itiru eːvaː nil haː sudu paːʈaja. eːvaː samaːna p‍ramaːna valin æta. peʈʈijeː æti mulu boːla ɡanana 64nam sudu boːla kiːjak tibeːda",2
"pættaka diɡa 8cm vana t‍rikoːnajak æta in paːda diɡa hæra samat͡ʃaturas‍rajak sæːduveː nam ehi ek paːdajaka diɡa kiːjada",2
"ajijaːɡeː vajasa avurudu 15ki. ajijaːʈa vaɖaː akkaː avurudu 4k vajasin væɖija. taːttaːɡeː vajasa akkaːɡeː vajasa men tun ɡunajaki. taːttaːɡeː vajasa kiːjada? ",2
"najaniɡeː vajasa sahanɡeː vajasaʈa vaɖaː deɡunajaʈa vaɖaː avurudu 3k væɖija. najaniɡeː vajasa avurudu 9k nam sahanɡeː vajasa kiːjada? ",2
"   minisun 4 deneku dina 5k tula ɡojam kapaː nima karaji. dina dekaktula ema væɖaja nima kiriːmaʈa jedavija jutu minisun ɡanana kiːjada?",2
"taːppajak bædiːmaʈa pedareːruvan 3n denekuʈa dina 10k ɡata veji. ejaʈa pedareːruvan 5 denekuʈa dina kiːjak ɡata vejida ",2
"   maːrɡajak adijara 3kin sæːdimaʈa tiːranaja karajiː. in palamu pijavara vanneː avurudu 4 , devana pijavara. palamu pijavara men baːɡajaki. tunvana pijavVrV devVnV pijVvVrV men deɡunVjVki.  maːrɡVjV sæːdiːmVʈV ɡVnneː 2009 d͡ʒVnVvVaːrVi 1 vVenVidVaː nVm ejV sVaːdVaː nVimV vVnnVeː kVvVdVaːdV ",2
"koɖi vælaka nil kaha ratu jana pilivelaʈa koɖi ellaː æta.ema væleː koɖi 199k æta. ehi aɖuvenma æti koɖijeː paːʈa kumakda ",2
"ajijaː saha malliːɡeː vajas vala ekatuva avurudu 35ki. ajijaː malli ʈa vaɖaː avurudu 5k væɖimalja. taːttaː loku putaːʈa vaɖaː avurudu 25k væɖimal veː nam taːttaaːɡaeː vajasa kaiːjada? ",2
"20,7,18,12,15,9,6, jana aŋka valin tuneː ɡunaːkaːra lijuː viʈa hari mædaʈa ena aŋkaja kumakda ",2
"moːʈar ratajak palamu kiloːmiːʈarajaʈa rupijal 50k da devana kiloːmiːʈarajeː siʈa væɖivana sæːma kiloːmiːʈarajaʈama rupijal 10 bæɡin aja karaji. kiloːmiːʈara 10ka ɡVmVnVʈV væjV vVnV mulu mudVlV kiːjVdV? ",2
"nil,‍ratu, kaha lesa vælaka koɖi ellaː æti nam mulu koɖi ɡanana 96 nam ehi aɖuvenma æti koɖi ɡanana kiːjada? ",2
"maɡeː vajasa avurudu 12ki. taːttaːɡeː vajasa avurudu 36ki. maɡeː vajasa deɡunajak vanaviʈa taːttaːɡeː vajasa kiːjada? ",2
"bajisikal roːdajak devarak karakævena viʈa miːʈar 3 k ɡaman karaji.eː sadahaː tatpara 30 k ɡata veː.minittu 5 kadiː bajisikal roːdaja ɡaman kaɭa dura kopVmVɳVdV?",2
"vattakin d͡ʒanavaːri maːsajeː pol ɡeɖi 1288 da iːʈa vaɖaː ɡeɖi 475 væɖijen maːrtu maːsajeːda maːrtu valaʈa vaɖaː ɡeɖi 70 væɖijen mæji maːsajeːda pol kaɖaː æta.ema vattaen maaːsa taunaeːmaaː kaæɖauː mauɭau paol ɡaeɖVi ɡVɳVnV kViːjVdV?",2
"ajijaːɡeː dahavana upan dinaja samarana viʈa malliɡeː vajasa avurudu 4 ki.malliɡeː aʈavana upandinaja samarana  viʈa ajijaːɡeː vajasa kiːjadV?",2
"dahamɡeː dæn vajasa avurudu 15 ki.ohuɡeː pijaːɡeː dæn vajasa dahamɡeː vajasa men tun ɡuɳajaʈa vaɖaː avurudu 5 k væɖija. tava avurudu 5 kin pijaːɡeː vajasa avurudu kaiːjada?",2
"senuka ɡajeliʈa vaɖaː avurudu 15 k væɖimahal ja. dæn senuka ɡeː vajasa avurudu 19  ki.tava avuruddakin senukaɡeː vajasa ɡajeli ɡeː vajasa men kiː ɡuɳajak da?",2
" mama saŋk‍jaːvak situvemi.eja 2n ɡuɳakara 5 n bedaː 7k ekatukara ejin 1k aɖu kaɭa viʈa læbuɳu piɭitura 10 nam, maː situː saŋk‍jaːva kiːjada?",2
"paːsalaka ɭamun 5 denek 2miːʈar samaːna parataraja siʈina seː ravumak sæːdiː siʈiji.ʈika veːlaːvakin etanaʈa aː savini haː nuvani ema ravumaʈa sambanda vija. mulin siʈi ravuma venVs nVokVrV mVemV ɭVmVun 10 dVenVaː sVmVaːnV pVrVtVrVjVk ætVivV sViʈViː nVm ɭVmVun dVedVenVek atVrV dVurV kVopVmVɳVdV?",2
"a,b,c tidenaːɡeː dæn vajas vala ekatuva avurudu 70 ki. miːʈa avurudu 5kaʈa pera ovunɡeː vajas vala ekatuva  kiːjada?",2
"maː ɭaɡa saruŋɡal kihipajak æta. in dekak hæra itirija ratu paːʈaja.dekak hæra itirija nil paːʈaja.dekak hæra itirija dam paːʈaja.maː ɭaɡa saruŋɡal kiːjak tibeːda?",2
" najaniɡeː vajasa sahanɡeː vajasa men deɡuɳajakaʈa vaɖaː avurudu 3k væɖija.najaniɡeː vajasa avurudu 9 k nam sahanɡeː vajasa kiːjada?",2
"ɡembek ek varakadiː senʈi miːʈar 100 durak paniː.eviʈa senʈi miːʈar 10 k aːpassaʈa eji . meː aːkaːrajaʈa miːʈar 10 k dura jaːmaʈa ɡembaː kiːvarak idirijaʈa paniːda?",2
"piʈʈanijak vaʈeːʈa miːʈar 2 ka paratarajak ætiva koɖi kaɳu 25 k ɡasaː æta.eː sæːma koɖi kaɳu 2  k atarama pirimi ɭamajek saha ɡæhænu ɭamajek siʈiti.ehi siʈina pirimi ɭamaji ɡaɳana kiːjVdV?",2
"seneːkaː upadina viʈa æɡeː mavaɡeː vajasa avurudu 20 ki.seneːkaːɡeː malli upadina viʈa mavaɡeː vajasa avurudu 25ki .seneːkaːɡeː dæn vajasa avurudu9 nam malliɡaeː vajasa kaiːjada?",2
"kumburak keʈiːmaʈa minisun 4 denekuʈa dina 5 k ɡata veː. ejaʈa minisun 10 denek jedavuː viʈa ɡatavana dina ɡaɳana kiːjada?",2
"peʈʈijaka nil,kaɭu,ratu pæːn piɭivelin 4,5,6 bæɡin æta. peʈʈija desa nobalaː varakaʈa eka pæːna bæɡin ɡatteː nam anivarjenma ratu pæːnak læbiːmaʈa ivataʈa ɡata jutu avama pæːn ɡaɳana kiːjVdV?",2
"ratu,kaha,koɭa saha nil jana piɭivelaʈa koɖi vælaka koɖi ellaː æta.mema væleː koɖi 179 k æta.ehi avasaːnajaʈa ellaː æti koɖi tuneː paːʈa anupiɭivela kumakda?",2
" sudiːraɡeː taːttaː ohuɡeː 45 vana upandinaja samarana viʈa sudiːraɡeː vajasa avurudu 8 ki. tava avurudu 3 kin sudiːra sija 15 vana upan dinaja samaraji. meː avuruddeː ohuɡeː tattaː samarannaeː kViːvVeːnVi upVndVinVjVdV?",2
" paːdajaka diɡa miːʈar 10 vana samapaːda t‍rikoːɳajak piʈʈanijaka æda æta. eja vaʈaː miːʈar deken dekaʈa koɖi siʈuvaː æta. t‍rikoːɳaja vaʈaː tibena muɭu koɖi ɡaɳana kiːjada?",2
"paːsalaʈa avurudu 25  k pirena vasareːdiː mesaduɡeː vajasa avurudu 8 ki.paːsalaʈa avurudu 40 vana viʈa mesaduɡeː vajasa kiːjada?",2
"peʈʈijaka nil paːʈa pæːn 10 da ratu paːʈa pæːn 7 da kaɭu paːʈa pæːn 4 da æta. pæːn desa nobalaː ratu paːʈa pæːnak ɡæniːmaʈa ɡata jutu avama pæːn ɡaɳana kiːjada?",2
"peʈʈijaka nil paːʈa pæːn 10 da ratu paːʈa pæːn 7 da kaɭu paːʈa pæːn 4 da ætihata peʈʈijen nil paːʈa pæːn 2 ɡæniːmaʈa ɡata jutu avama pæːn ɡaɳana kiːjada?",2
"kumbuːraka ɡojam kæpiːmaʈa minisun dedenukaʈa dina 6 k ɡata veː. ek minisekuʈa eː sadahaː ɡatavana kaːlaja kopamaɳada?",2
"sadunɡeː dæn vajasa pijaːɡeː vajasin 1/4 ki.dan pijaːɡeː vajasa avurudu 40 ki. sadun ipadena viʈa pijaːɡeː vajasa kiːjada?",2
"ætuɭata nopenena peʈʈijaka ratu paːʈa pæːn 4 da nil paːʈa pæːn  6 da æta.pæːn desa nobalaː  ekama paːʈa pæːn dekak noværadiːma læbiːmaʈa peʈʈijen ɡata jutu avama pæːn ɡaɳana kiːjada?",2
"dan maɡeː vajasa avurudu 12 ki.pijaːɡeː vajasa avurudu 48 ki.maɡeː vajasa deɡuɳajak vana viʈa pijaːɡeː vajasa kiːjada?",2
"sis‍jajek tama itiri kiriːmeː ɡiɳumeː tænpat kaɭa mudal p‍ramaːɳajan meseː ja.(d͡ʒanavaːri 25,peberavaːri 30,martu 40,ap‍reːl 60)mema sis‍jajaː mæji maːsajeː tænpat karana mudala kaiːjada?",2
"poːɭimaka amal idirijen minisun 8 denek siʈiti. kamal piʈupasin minisun 10 denek siʈiti.amal haː kamal atara minisun 6 denek siʈitai. paoːɭaimaeː saiʈaina mainaisaun ɡaɳana kaiːjada?",2
"vajaniɡeː vajasa tiɭiɳiɡeː vajasin ardajaki.tiɭiɳiɡeː vajasa darsaniːɡeː vajasa ardajaki.tidenaːɡeːma vajasvala ekatuva avurudu 35k veː nam darsaniːɡeː  vajasa kopVmVɳVdV?",2
"najanaɡeː dæn vajasa avurudu 8ki. ɡajanaːɡeː dan vajasa avurudu 19ki.ɡajanaːɡeː vajasa najanaːɡeː vajasa men deɡuɳajak vana avastaːveːdiː najanaɡeː vajasV avurudu kiːjVdV?",2
"nimal upadina viʈa ohuɡeː mavaɡeː vajasa avurudu 25ki.nimalɡeː malliː upadina viʈa mavaɡeː vajasa avurudu 29ki. nimalɡeː dæn vajasa avurudu 10 nam ohuɡeː malliːɡeː dæn vajasa kijada?",2
"binari saha tarusiɡeː vajasvala ekatuva avurudu 18ki.tarusi,binariʈa vaɖaː avurudu 2 kin væɖimahal ja.eː anuva tarusiɡeː vajasa avurudu kiːjada?",2
"sahan saha pasanɡeː vajasvala ekatuva avurudu 24 ki. sahan,pahanʈa vaɖaː avurudu 4kin balaja.eː anuva sahanɡeː vajasa avurudu kiːjada?",2
"maheːnɡeː dæn vajasa avurudu 7ki. sureːnɡeː dæn vajasa 11ki.sureːnɡeː vajasa maheːnɡeː vajasa men deɡuɳajak vuː avastaːveːdiː maheːnɡeː vajasa avurudu kiːjak vuːveːda?",2
"ʈaːnijaː saha ɡaːnijaː jana dedenaːɡeː vajasvala ekatuva avurudu 24ki. ʈaːnijaː saha ɡaːnijaː jana dedenaːɡeː vajas atara anupaːtaja piɭiveɭin 1 : 3 ki.eː anauva ʈaaːnaijaaːɡaeː vajasa avauraudau kViːjVdV?",2
"sarat saha suɡatɡeː vajasvala ekatuva avurudu 40ki. sarat saha suɡatɡeː vajas atara anupaːtaja piɭiveɭin 1 : 4 ki. eː anuva suɡatɡeː vajasa avurudu kiːjada?",2
"siːtaːɡeː dæn vajasa avurudu 4 ki. ɡiːtaːɡeː dæn vajasa avurudu 11 ki.ɡiːtaːɡeː vajasa siːtaːɡeː vajasa men deɡuɳajak vana avastaːveːdiː dedenaːɡeːma vajasvala ekatauva avauraudau kaiːjada?",2
"ajijaːʈa vaɖaː akkaː avurudu 5 k væɖimahalja. taːttaːɡe vajasa akkaːɡeː vajasa men tun ɡuɳajakaʈa avurudu 4 k væɖija. ajijaːɡeː vajasa avurudu 8 nam taːttaːɡeː vajasa kiːjada?",2
"42,35,28,25,21,14,13,7 raʈaːvak labaː ɡæniːmaʈa ivat kaɭa jutu saŋk‍jaː deka kumakda?",2
"mema maːlaːva desa balanna: 12, 11, 13, 12, 14, 13, ... miːɭaŋɡaʈa pæmiɳija jutu aŋkaja kumakda? 10,16,13,15",2
"7, 10, 8, 11, 9, 12, ... miːɭaŋɡaʈa pæmiɳija jutu aŋkaja kumakda?",2
"36, 34, 30, 28, 24, ... miːɭaŋɡaʈa pæmiɳija jutu aŋkaja kumakda?",2
"mema maːlaːva desa balanna: 2, 1, (1/2), (1/4), ... miːɭaŋɡaʈa pæmiɳija jutu aŋkaja kumakda?",2
"mema maːlaːva desa balanna: 80, 10, 70, 15, 60, ... miːɭaŋɡaʈa pæmiɳija jutu aŋkaja kumakda?",2
"(7 x 9+ 3 x 4 )/5=?",2
"660 - 665 atara saŋk‍jaːva. mema saŋk‍jaːva 6 n nova 3 n bedeː. ema aŋkaja kumakda",2
"mama p‍ratamika aŋkajaki. oba maɡen 1k aɖu kaɭahot ema saŋk‍jaːva 9n bedija hæka. aŋkaja kumakda",2
"aːs‍rita ɡuɳaja baːvitajen 6 × 5 × 3 ɡuɳa karana aːkaːraja penvana samiːkaraɳaja kumakda?",2
"pahata saŋk‍jaː avaroːhaɳa anupiɭivelaʈa sakasaː ætnam, ehi mæda ilakkama kumak veːda?317, 493, 283, 269, 875, 423, 725",2
"moːhit baʈahira desaʈa kiloːmiːʈar 12 k da, dakuɳaʈa kiloːmiːʈar 3 k da, næɡenahira desaʈa kiloːmiːʈar 12 k da ɡaman karaji. ohu siʈinne kopamaɳa durinda aːrambaka staːnaja?",2
"nimmiʈa æɡeː ɡedara væɖa nima kiriːmaʈa vinaːɖi 35k ɡata vija. æja ɡedara væɖa avasan kaɭeː dahaval 12.05 ʈaja. æja ɡedara væɖa kirimaʈa paʈan ɡatte kiːjaʈVdV",2
"ɡuptaː mahataː rupijal 1672000 kaʈa nivasak miladiː ɡatteːja. ohu ɡurha baːɳɖa sandahaː rupijal 12582 k saha tira redi miladiː ɡæniːma sandahaː rupijal 8540 k vijadam kaɭeːja.. inpasu ohu nivaseː idiraipasa tVɳVkVoɭV sVkVs kVirViːmV sVndVhVaː tVvVt rVupVijVl 5675 k vVæjV kVɭVeːjV. kVopVmVɳV dVohVu sVmpVuːrɳVjVenmV vVijVdVm kVɭVeː mVudVl?",2
"aŋka 3k tijenavaː. tunvana aŋkaja visaːlatama veː. tunvana aŋkaja vana viʈa devana saŋk‍jaːven beduː viʈa, p‍ramaːɳaja 4 veː. devænna atara venasa saha tevana aŋkVjV 654 veː. pVɭVmu aŋkVjV devVnV aŋkVjVʈV vVɖaː 109 væɖi nVm, eviʈV pVɭVmu aŋkVjV sojaː ɡVnnV",2
"d͡ʒinaː dinakaʈa piʈu 90k kijavanneː nam, kijaviːma avasan kiriːmaʈa æjaʈa dina 4kaʈa vaɖaː ɡata vanu æta pota. æja dinakaʈa piʈu 80 k kijavanneː nam, æjaʈa ɡVtV vVnneː dinV 5 kVʈV vVɖaː aɖu kaːlVjVki. aŋkVjV nVm d͡ʒinaː kijVvaː avVsVn kiriːmVʈV ɡVtVvVnV dVinV æjV kVijVvVnV pViʈVu ɡVɳVnVʈV sVmVaːnV vVeː sVæːmV dVinVkVmV, æjV dVinVkVʈV pViʈVu kViːjVk kVijVvVijV jVutVudV?",2
"raːmʈa panduvak aɖi 50 3/5 visi kaɭa hækija=. s‍jaːmʈa ema panduvama aɖi 48 1/ 3  kaɭa hækija.kopamana durakaʈa s‍jaːmʈa vaɖaː bohoː duraʈa raːmʈa panduva visi kaɭa hækida?",2
"abiseːk visin pahata dakvaː æti aŋka kaʈʈala kihipajak sakas kara æta. kumana pahata kulaka valin ekak nikila kulakajada",2
"diː æti aŋkajen nætivuː aŋkaja toːranna 33,10,43,53,96",2
"visaːlatama ilakkam 5 aŋkaja kumakda",2
"maːɡeː vajasa avurudu 10 vana viʈa ammaːɡeː vajasa avurudu 35 vana bava pavasaji.dæn ammaːɡeː vajasa avurudu 60 nam maːɡeː vajasa avurudu kiːjada?",2
"42,35,28,25,21,14,13,7 raʈaːvak labaː ɡæniːmaʈa ivat kaɭa jutu saŋk‍jaː deka kumakda?",2
